{
  "strategy": "S5 Grid Search",
  "weights": {
    "RF": 0.45,
    "XGB": 0.05,
    "LGB": 0.5
  },
  "threshold": 0.315,
  "accuracy": 0.9463379260333575,
  "f1": 0.916365280289331,
  "auc_roc": 0.9758389579388858
}